date,state,bio_age_5_17,bio_age_17_
2018-01-01,Maharashtra,5275,18557
2018-01-01,Uttar Pradesh,4856,11714
2018-01-01,Karnataka,9195,10721
2018-01-01,Tamil Nadu,9261,9352
2018-01-01,West Bengal,7458,11434
2018-01-01,Gujarat,3689,12794
2018-01-01,Rajasthan,9198,16859
2018-01-01,Bihar,6378,5165
2018-01-01,Madhya Pradesh,7021,6842
2018-01-01,Kerala,8098,6738
2018-01-31,Maharashtra,8032,13146
2018-01-31,Uttar Pradesh,6024,6384
2018-01-31,Karnataka,7350,9807
2018-01-31,Tamil Nadu,6773,16545
2018-01-31,West Bengal,5863,11537
2018-01-31,Gujarat,5345,17534
2018-01-31,Rajasthan,9034,19019
2018-01-31,Bihar,7364,11108
2018-01-31,Madhya Pradesh,6348,18976
2018-01-31,Kerala,7442,9346
2018-03-02,Maharashtra,5497,16610
2018-03-02,Uttar Pradesh,7377,18802
2018-03-02,Karnataka,5038,16296
2018-03-02,Tamil Nadu,5203,15959
2018-03-02,West Bengal,6739,12828
2018-03-02,Gujarat,9401,19106
2018-03-02,Rajasthan,4026,12704
2018-03-02,Bihar,6288,15116
2018-03-02,Madhya Pradesh,3994,9303
2018-03-02,Kerala,3978,19691
2018-04-01,Maharashtra,4781,5329
2018-04-01,Uttar Pradesh,4280,10866
2018-04-01,Karnataka,7169,6602
2018-04-01,Tamil Nadu,7761,18939
2018-04-01,West Bengal,5997,9775
2018-04-01,Gujarat,3604,6150
2018-04-01,Rajasthan,9582,10087
2018-04-01,Bihar,4132,14275
2018-04-01,Madhya Pradesh,5731,13706
2018-04-01,Kerala,5971,8460
2018-05-01,Maharashtra,5367,8445
2018-05-01,Uttar Pradesh,3883,7239
2018-05-01,Karnataka,8407,16207
2018-05-01,Tamil Nadu,4219,11143
2018-05-01,West Bengal,9624,19778
2018-05-01,Gujarat,7477,9522
2018-05-01,Rajasthan,5567,14081
2018-05-01,Bihar,4854,9298
2018-05-01,Madhya Pradesh,6064,16189
2018-05-01,Kerala,9855,6740
2018-05-31,Maharashtra,4604,8475
2018-05-31,Uttar Pradesh,6700,7863
2018-05-31,Karnataka,3319,14052
2018-05-31,Tamil Nadu,6613,17692
2018-05-31,West Bengal,5099,13404
2018-05-31,Gujarat,4839,15636
2018-05-31,Rajasthan,8679,10282
2018-05-31,Bihar,3965,7463
2018-05-31,Madhya Pradesh,3340,5507
2018-05-31,Kerala,7019,19484
2018-06-30,Maharashtra,9311,15086
2018-06-30,Uttar Pradesh,6250,9401
2018-06-30,Karnataka,9716,6936
2018-06-30,Tamil Nadu,8519,12913
2018-06-30,West Bengal,9233,8675
2018-06-30,Gujarat,7704,9952
2018-06-30,Rajasthan,9248,17629
2018-06-30,Bihar,5114,16707
2018-06-30,Madhya Pradesh,3239,9435
2018-06-30,Kerala,7024,11379
2018-07-30,Maharashtra,3645,11053
2018-07-30,Uttar Pradesh,7148,6090
2018-07-30,Karnataka,6793,14981
2018-07-30,Tamil Nadu,9152,6087
2018-07-30,West Bengal,3043,14899
2018-07-30,Gujarat,3879,17720
2018-07-30,Rajasthan,8353,7555
2018-07-30,Bihar,8087,5413
2018-07-30,Madhya Pradesh,3463,12773
2018-07-30,Kerala,6819,6089
2018-08-29,Maharashtra,4912,13391
2018-08-29,Uttar Pradesh,6403,17242
2018-08-29,Karnataka,5523,17237
2018-08-29,Tamil Nadu,6312,9542
2018-08-29,West Bengal,8030,15843
2018-08-29,Gujarat,4758,11337
2018-08-29,Rajasthan,3022,16558
2018-08-29,Bihar,5405,18917
2018-08-29,Madhya Pradesh,3700,13267
2018-08-29,Kerala,6481,17056
2018-09-28,Maharashtra,8078,18990
2018-09-28,Uttar Pradesh,8061,6100
2018-09-28,Karnataka,3277,19437
2018-09-28,Tamil Nadu,3003,9348
2018-09-28,West Bengal,8142,12716
2018-09-28,Gujarat,3420,11659
2018-09-28,Rajasthan,3208,8061
2018-09-28,Bihar,7275,14503
2018-09-28,Madhya Pradesh,6404,7392
2018-09-28,Kerala,7400,13625
2018-10-28,Maharashtra,5871,9310
2018-10-28,Uttar Pradesh,8803,10108
2018-10-28,Karnataka,4857,8806
2018-10-28,Tamil Nadu,6925,14414
2018-10-28,West Bengal,4666,16585
2018-10-28,Gujarat,8947,11471
2018-10-28,Rajasthan,3562,6248
2018-10-28,Bihar,9243,18350
2018-10-28,Madhya Pradesh,6665,5618
2018-10-28,Kerala,4301,18512
2018-11-27,Maharashtra,3767,10961
2018-11-27,Uttar Pradesh,3434,13407
2018-11-27,Karnataka,5371,13387
2018-11-27,Tamil Nadu,4000,18350
2018-11-27,West Bengal,7869,16184
2018-11-27,Gujarat,8890,17185
2018-11-27,Rajasthan,7779,9503
2018-11-27,Bihar,5676,16626
2018-11-27,Madhya Pradesh,8726,11095
2018-11-27,Kerala,7790,8696
2018-12-27,Maharashtra,6295,10364
2018-12-27,Uttar Pradesh,8440,14089
2018-12-27,Karnataka,5115,14979
2018-12-27,Tamil Nadu,6258,19747
2018-12-27,West Bengal,8611,12110
2018-12-27,Gujarat,5595,12980
2018-12-27,Rajasthan,9963,5558
2018-12-27,Bihar,3685,10667
2018-12-27,Madhya Pradesh,8069,7169
2018-12-27,Kerala,9860,7963
2019-01-26,Maharashtra,9954,5356
2019-01-26,Uttar Pradesh,9124,18269
2019-01-26,Karnataka,6433,13556
2019-01-26,Tamil Nadu,5014,7568
2019-01-26,West Bengal,7248,10235
2019-01-26,Gujarat,5283,13265
2019-01-26,Rajasthan,5076,6010
2019-01-26,Bihar,4384,7906
2019-01-26,Madhya Pradesh,5800,18404
2019-01-26,Kerala,3955,5894
2019-02-25,Maharashtra,5329,6513
2019-02-25,Uttar Pradesh,6913,19025
2019-02-25,Karnataka,5859,11626
2019-02-25,Tamil Nadu,5241,8262
2019-02-25,West Bengal,7874,14967
2019-02-25,Gujarat,9085,6797
2019-02-25,Rajasthan,6585,12842
2019-02-25,Bihar,5187,10908
2019-02-25,Madhya Pradesh,6265,6625
2019-02-25,Kerala,9778,19111
2019-03-27,Maharashtra,6340,16503
2019-03-27,Uttar Pradesh,7767,18183
2019-03-27,Karnataka,6528,5743
2019-03-27,Tamil Nadu,7812,19909
2019-03-27,West Bengal,4426,16176
2019-03-27,Gujarat,7921,19390
2019-03-27,Rajasthan,9962,10430
2019-03-27,Bihar,8243,18166
2019-03-27,Madhya Pradesh,8208,9149
2019-03-27,Kerala,7388,6288
2019-04-26,Maharashtra,7415,9125
2019-04-26,Uttar Pradesh,3958,7306
2019-04-26,Karnataka,7796,15601
2019-04-26,Tamil Nadu,9442,7019
2019-04-26,West Bengal,9123,11726
2019-04-26,Gujarat,6755,6611
2019-04-26,Rajasthan,5195,10151
2019-04-26,Bihar,3145,11112
2019-04-26,Madhya Pradesh,6614,18776
2019-04-26,Kerala,6019,18147
2019-05-26,Maharashtra,4858,8207
2019-05-26,Uttar Pradesh,6874,14899
2019-05-26,Karnataka,5907,17396
2019-05-26,Tamil Nadu,8918,10042
2019-05-26,West Bengal,8846,5631
2019-05-26,Gujarat,5855,8434
2019-05-26,Rajasthan,9163,7124
2019-05-26,Bihar,6804,14924
2019-05-26,Madhya Pradesh,3609,5637
2019-05-26,Kerala,6184,9978
2019-06-25,Maharashtra,4868,18395
2019-06-25,Uttar Pradesh,5826,17464
2019-06-25,Karnataka,7895,10724
2019-06-25,Tamil Nadu,8043,14188
2019-06-25,West Bengal,3187,14679
2019-06-25,Gujarat,4861,8657
2019-06-25,Rajasthan,3498,6294
2019-06-25,Bihar,8219,11434
2019-06-25,Madhya Pradesh,8842,12544
2019-06-25,Kerala,5372,11372
2019-07-25,Maharashtra,4502,9749
2019-07-25,Uttar Pradesh,5257,5616
2019-07-25,Karnataka,7975,10745
2019-07-25,Tamil Nadu,5905,10056
2019-07-25,West Bengal,6743,13154
2019-07-25,Gujarat,8142,12073
2019-07-25,Rajasthan,8147,16798
2019-07-25,Bihar,5166,10983
2019-07-25,Madhya Pradesh,3732,7739
2019-07-25,Kerala,3431,10798
2019-08-24,Maharashtra,5421,7403
2019-08-24,Uttar Pradesh,3714,18666
2019-08-24,Karnataka,5334,6549
2019-08-24,Tamil Nadu,9732,9535
2019-08-24,West Bengal,8175,12631
2019-08-24,Gujarat,9973,17346
2019-08-24,Rajasthan,4484,16604
2019-08-24,Bihar,5415,9101
2019-08-24,Madhya Pradesh,9358,19184
2019-08-24,Kerala,9872,19912
2019-09-23,Maharashtra,6711,11314
2019-09-23,Uttar Pradesh,4912,9994
2019-09-23,Karnataka,5038,18404
2019-09-23,Tamil Nadu,8976,8314
2019-09-23,West Bengal,6561,6030
2019-09-23,Gujarat,7574,6389
2019-09-23,Rajasthan,8397,6142
2019-09-23,Bihar,5056,9342
2019-09-23,Madhya Pradesh,7910,10935
2019-09-23,Kerala,6054,18063
2019-10-23,Maharashtra,7371,8531
2019-10-23,Uttar Pradesh,8181,16641
2019-10-23,Karnataka,3273,18662
2019-10-23,Tamil Nadu,6363,6876
2019-10-23,West Bengal,7907,13691
2019-10-23,Gujarat,4272,18400
2019-10-23,Rajasthan,5585,17973
2019-10-23,Bihar,8206,13862
2019-10-23,Madhya Pradesh,6477,17853
2019-10-23,Kerala,6744,16255
2019-11-22,Maharashtra,7547,12515
2019-11-22,Uttar Pradesh,7468,7541
2019-11-22,Karnataka,9540,10737
2019-11-22,Tamil Nadu,6227,6659
2019-11-22,West Bengal,9595,18794
2019-11-22,Gujarat,4642,5827
2019-11-22,Rajasthan,8377,6331
2019-11-22,Bihar,4163,12512
2019-11-22,Madhya Pradesh,4693,12038
2019-11-22,Kerala,3444,11065
2019-12-22,Maharashtra,9562,7641
2019-12-22,Uttar Pradesh,4593,5348
2019-12-22,Karnataka,5347,9934
2019-12-22,Tamil Nadu,7190,17762
2019-12-22,West Bengal,7567,16390
2019-12-22,Gujarat,3113,14105
2019-12-22,Rajasthan,3263,7117
2019-12-22,Bihar,8067,14796
2019-12-22,Madhya Pradesh,4043,11096
2019-12-22,Kerala,3581,16975
2020-01-21,Maharashtra,9673,18314
2020-01-21,Uttar Pradesh,4018,14819
2020-01-21,Karnataka,6334,5112
2020-01-21,Tamil Nadu,4399,18037
2020-01-21,West Bengal,8971,6068
2020-01-21,Gujarat,9708,18930
2020-01-21,Rajasthan,6128,7748
2020-01-21,Bihar,8606,8005
2020-01-21,Madhya Pradesh,9832,19838
2020-01-21,Kerala,6556,19279
2020-02-20,Maharashtra,6042,12769
2020-02-20,Uttar Pradesh,4304,12018
2020-02-20,Karnataka,6374,11895
2020-02-20,Tamil Nadu,8716,16413
2020-02-20,West Bengal,8746,11774
2020-02-20,Gujarat,6788,13709
2020-02-20,Rajasthan,8276,16119
2020-02-20,Bihar,9569,9606
2020-02-20,Madhya Pradesh,9826,17659
2020-02-20,Kerala,8728,14968
2020-03-21,Maharashtra,4884,12017
2020-03-21,Uttar Pradesh,6153,18648
2020-03-21,Karnataka,9676,5299
2020-03-21,Tamil Nadu,3547,14723
2020-03-21,West Bengal,6057,16504
2020-03-21,Gujarat,3008,18275
2020-03-21,Rajasthan,9036,14324
2020-03-21,Bihar,3380,18898
2020-03-21,Madhya Pradesh,5957,6339
2020-03-21,Kerala,6992,7016
2020-04-20,Maharashtra,7000,14909
2020-04-20,Uttar Pradesh,9133,15344
2020-04-20,Karnataka,9920,15181
2020-04-20,Tamil Nadu,7347,17637
2020-04-20,West Bengal,5268,5025
2020-04-20,Gujarat,4930,5838
2020-04-20,Rajasthan,3528,11432
2020-04-20,Bihar,8378,16808
2020-04-20,Madhya Pradesh,7959,16745
2020-04-20,Kerala,4174,7648
2020-05-20,Maharashtra,6048,16474
2020-05-20,Uttar Pradesh,7310,10514
2020-05-20,Karnataka,4206,18396
2020-05-20,Tamil Nadu,7439,5273
2020-05-20,West Bengal,3063,6652
2020-05-20,Gujarat,9075,14917
2020-05-20,Rajasthan,6094,6088
2020-05-20,Bihar,9113,11334
2020-05-20,Madhya Pradesh,8393,14674
2020-05-20,Kerala,6533,8926
2020-06-19,Maharashtra,3158,19464
2020-06-19,Uttar Pradesh,5626,9949
2020-06-19,Karnataka,3411,8553
2020-06-19,Tamil Nadu,3985,12815
2020-06-19,West Bengal,7043,12353
2020-06-19,Gujarat,4992,13746
2020-06-19,Rajasthan,9541,14048
2020-06-19,Bihar,8113,10427
2020-06-19,Madhya Pradesh,7350,12242
2020-06-19,Kerala,6908,8619
2020-07-19,Maharashtra,4062,6786
2020-07-19,Uttar Pradesh,5044,18547
2020-07-19,Karnataka,3923,18988
2020-07-19,Tamil Nadu,6824,12603
2020-07-19,West Bengal,6706,15155
2020-07-19,Gujarat,7580,6964
2020-07-19,Rajasthan,9637,18397
2020-07-19,Bihar,8340,6930
2020-07-19,Madhya Pradesh,8500,7277
2020-07-19,Kerala,3294,15312
2020-08-18,Maharashtra,6611,5057
2020-08-18,Uttar Pradesh,4599,11096
2020-08-18,Karnataka,3938,9689
2020-08-18,Tamil Nadu,3695,13403
2020-08-18,West Bengal,8298,16239
2020-08-18,Gujarat,6598,14598
2020-08-18,Rajasthan,7263,5363
2020-08-18,Bihar,8052,11718
2020-08-18,Madhya Pradesh,8853,13675
2020-08-18,Kerala,3382,19513
2020-09-17,Maharashtra,7485,17852
2020-09-17,Uttar Pradesh,9838,7333
2020-09-17,Karnataka,4088,5524
2020-09-17,Tamil Nadu,9655,14673
2020-09-17,West Bengal,9960,6561
2020-09-17,Gujarat,8923,11627
2020-09-17,Rajasthan,3923,11488
2020-09-17,Bihar,5340,7017
2020-09-17,Madhya Pradesh,7885,14555
2020-09-17,Kerala,5585,5419
2020-10-17,Maharashtra,8941,16933
2020-10-17,Uttar Pradesh,8614,17767
2020-10-17,Karnataka,7035,17631
2020-10-17,Tamil Nadu,3927,13720
2020-10-17,West Bengal,8342,17135
2020-10-17,Gujarat,5705,5047
2020-10-17,Rajasthan,9862,17509
2020-10-17,Bihar,8709,14947
2020-10-17,Madhya Pradesh,8757,6273
2020-10-17,Kerala,4122,12656
2020-11-16,Maharashtra,5356,5002
2020-11-16,Uttar Pradesh,6616,19286
2020-11-16,Karnataka,4205,5146
2020-11-16,Tamil Nadu,4319,18884
2020-11-16,West Bengal,3487,5620
2020-11-16,Gujarat,8937,8670
2020-11-16,Rajasthan,8676,11628
2020-11-16,Bihar,7000,8397
2020-11-16,Madhya Pradesh,9521,7491
2020-11-16,Kerala,9495,18125
2020-12-16,Maharashtra,4290,15534
2020-12-16,Uttar Pradesh,3094,14111
2020-12-16,Karnataka,5212,14681
2020-12-16,Tamil Nadu,3133,18195
2020-12-16,West Bengal,9974,5090
2020-12-16,Gujarat,4414,11533
2020-12-16,Rajasthan,4647,15930
2020-12-16,Bihar,5429,7216
2020-12-16,Madhya Pradesh,7361,11291
2020-12-16,Kerala,3874,8002
2021-01-15,Maharashtra,3833,18187
2021-01-15,Uttar Pradesh,9599,5003
2021-01-15,Karnataka,3829,19635
2021-01-15,Tamil Nadu,4704,10350
2021-01-15,West Bengal,5045,16120
2021-01-15,Gujarat,5416,9358
2021-01-15,Rajasthan,8122,9263
2021-01-15,Bihar,9570,8524
2021-01-15,Madhya Pradesh,9824,19030
2021-01-15,Kerala,4045,15196
2021-02-14,Maharashtra,5733,15950
2021-02-14,Uttar Pradesh,8010,10155
2021-02-14,Karnataka,4997,7073
2021-02-14,Tamil Nadu,9193,5427
2021-02-14,West Bengal,4729,11311
2021-02-14,Gujarat,8708,6427
2021-02-14,Rajasthan,9793,17850
2021-02-14,Bihar,6532,13621
2021-02-14,Madhya Pradesh,9045,12117
2021-02-14,Kerala,7978,7082
2021-03-16,Maharashtra,7103,5330
2021-03-16,Uttar Pradesh,9448,15314
2021-03-16,Karnataka,4941,6785
2021-03-16,Tamil Nadu,7504,8044
2021-03-16,West Bengal,6681,16661
2021-03-16,Gujarat,7953,16423
2021-03-16,Rajasthan,3068,12385
2021-03-16,Bihar,6759,16812
2021-03-16,Madhya Pradesh,5902,8875
2021-03-16,Kerala,5201,15104
2021-04-15,Maharashtra,5622,11171
2021-04-15,Uttar Pradesh,9901,5119
2021-04-15,Karnataka,7074,11731
2021-04-15,Tamil Nadu,7471,14860
2021-04-15,West Bengal,9032,17422
2021-04-15,Gujarat,9542,5591
2021-04-15,Rajasthan,6551,5354
2021-04-15,Bihar,6592,14712
2021-04-15,Madhya Pradesh,5982,6943
2021-04-15,Kerala,6270,19131
2021-05-15,Maharashtra,3198,11930
2021-05-15,Uttar Pradesh,5856,10095
2021-05-15,Karnataka,9640,6155
2021-05-15,Tamil Nadu,3630,14882
2021-05-15,West Bengal,7699,18347
2021-05-15,Gujarat,8803,16634
2021-05-15,Rajasthan,9939,5489
2021-05-15,Bihar,7329,17558
2021-05-15,Madhya Pradesh,7049,17592
2021-05-15,Kerala,4776,18864
2021-06-14,Maharashtra,4945,13622
2021-06-14,Uttar Pradesh,7953,16309
2021-06-14,Karnataka,7643,17343
2021-06-14,Tamil Nadu,3783,15344
2021-06-14,West Bengal,8765,11981
2021-06-14,Gujarat,6269,15479
2021-06-14,Rajasthan,7607,13215
2021-06-14,Bihar,5222,8883
2021-06-14,Madhya Pradesh,8055,10438
2021-06-14,Kerala,4469,5944
2021-07-14,Maharashtra,9441,17857
2021-07-14,Uttar Pradesh,8242,13078
2021-07-14,Karnataka,6603,14099
2021-07-14,Tamil Nadu,5977,10537
2021-07-14,West Bengal,3693,19427
2021-07-14,Gujarat,4650,16632
2021-07-14,Rajasthan,9923,9504
2021-07-14,Bihar,9708,5638
2021-07-14,Madhya Pradesh,4300,18249
2021-07-14,Kerala,6928,16099
2021-08-13,Maharashtra,8907,13851
2021-08-13,Uttar Pradesh,9617,8401
2021-08-13,Karnataka,4400,9745
2021-08-13,Tamil Nadu,6018,19954
2021-08-13,West Bengal,4677,16764
2021-08-13,Gujarat,7623,9112
2021-08-13,Rajasthan,7462,7534
2021-08-13,Bihar,7132,12434
2021-08-13,Madhya Pradesh,9711,11932
2021-08-13,Kerala,7201,11808
2021-09-12,Maharashtra,3287,5747
2021-09-12,Uttar Pradesh,6937,10904
2021-09-12,Karnataka,8782,5311
2021-09-12,Tamil Nadu,4074,12666
2021-09-12,West Bengal,3266,17569
2021-09-12,Gujarat,6808,9449
2021-09-12,Rajasthan,9659,16174
2021-09-12,Bihar,7898,14422
2021-09-12,Madhya Pradesh,9835,17597
2021-09-12,Kerala,6082,9354
2021-10-12,Maharashtra,6596,12910
2021-10-12,Uttar Pradesh,6808,6541
2021-10-12,Karnataka,6173,10600
2021-10-12,Tamil Nadu,4977,17201
2021-10-12,West Bengal,5914,5560
2021-10-12,Gujarat,4465,8879
2021-10-12,Rajasthan,8321,5466
2021-10-12,Bihar,8216,12309
2021-10-12,Madhya Pradesh,9166,15900
2021-10-12,Kerala,7443,16631
2021-11-11,Maharashtra,7356,14947
2021-11-11,Uttar Pradesh,3011,12741
2021-11-11,Karnataka,4358,15336
2021-11-11,Tamil Nadu,4612,19329
2021-11-11,West Bengal,7623,6084
2021-11-11,Gujarat,3421,19169
2021-11-11,Rajasthan,7757,15906
2021-11-11,Bihar,8523,11048
2021-11-11,Madhya Pradesh,8046,9488
2021-11-11,Kerala,4274,12428
2021-12-11,Maharashtra,4450,11410
2021-12-11,Uttar Pradesh,7653,16338
2021-12-11,Karnataka,8379,12974
2021-12-11,Tamil Nadu,5220,18769
2021-12-11,West Bengal,8928,13654
2021-12-11,Gujarat,6093,16695
2021-12-11,Rajasthan,7546,9750
2021-12-11,Bihar,4880,19644
2021-12-11,Madhya Pradesh,8993,10548
2021-12-11,Kerala,8324,19703
2022-01-10,Maharashtra,6097,14179
2022-01-10,Uttar Pradesh,3833,9872
2022-01-10,Karnataka,7678,5746
2022-01-10,Tamil Nadu,5514,15460
2022-01-10,West Bengal,4603,19830
2022-01-10,Gujarat,3961,14368
2022-01-10,Rajasthan,4850,9693
2022-01-10,Bihar,9101,15542
2022-01-10,Madhya Pradesh,6635,15051
2022-01-10,Kerala,4862,16400
2022-02-09,Maharashtra,3227,19009
2022-02-09,Uttar Pradesh,3764,13416
2022-02-09,Karnataka,8705,15788
2022-02-09,Tamil Nadu,5269,17740
2022-02-09,West Bengal,5378,11546
2022-02-09,Gujarat,8075,10518
2022-02-09,Rajasthan,8137,6019
2022-02-09,Bihar,7705,12067
2022-02-09,Madhya Pradesh,3066,8162
2022-02-09,Kerala,7994,11331
2022-03-11,Maharashtra,6846,5922
2022-03-11,Uttar Pradesh,9722,13098
2022-03-11,Karnataka,3990,5894
2022-03-11,Tamil Nadu,8195,11219
2022-03-11,West Bengal,9132,6082
2022-03-11,Gujarat,5164,16730
2022-03-11,Rajasthan,6473,17271
2022-03-11,Bihar,8062,5921
2022-03-11,Madhya Pradesh,3067,9523
2022-03-11,Kerala,8358,6931
2022-04-10,Maharashtra,7899,7697
2022-04-10,Uttar Pradesh,7337,17839
2022-04-10,Karnataka,9532,16505
2022-04-10,Tamil Nadu,5876,8430
2022-04-10,West Bengal,5074,18201
2022-04-10,Gujarat,6672,17897
2022-04-10,Rajasthan,4242,18119
2022-04-10,Bihar,8013,13211
2022-04-10,Madhya Pradesh,6512,16487
2022-04-10,Kerala,3969,19003
2022-05-10,Maharashtra,4172,14310
2022-05-10,Uttar Pradesh,4162,11910
2022-05-10,Karnataka,5070,18350
2022-05-10,Tamil Nadu,3534,7539
2022-05-10,West Bengal,5413,7847
2022-05-10,Gujarat,3647,15519
2022-05-10,Rajasthan,5597,7185
2022-05-10,Bihar,5502,18190
2022-05-10,Madhya Pradesh,9871,7034
2022-05-10,Kerala,9913,8909
2022-06-09,Maharashtra,5608,10251
2022-06-09,Uttar Pradesh,5434,16479
2022-06-09,Karnataka,5074,11642
2022-06-09,Tamil Nadu,7611,13847
2022-06-09,West Bengal,3445,5192
2022-06-09,Gujarat,9443,12680
2022-06-09,Rajasthan,9275,13023
2022-06-09,Bihar,3995,6062
2022-06-09,Madhya Pradesh,8476,5913
2022-06-09,Kerala,7913,18746
2022-07-09,Maharashtra,4348,13685
2022-07-09,Uttar Pradesh,9114,15791
2022-07-09,Karnataka,5948,9834
2022-07-09,Tamil Nadu,9368,19752
2022-07-09,West Bengal,8511,10481
2022-07-09,Gujarat,4408,9410
2022-07-09,Rajasthan,8695,19268
2022-07-09,Bihar,7657,10843
2022-07-09,Madhya Pradesh,3639,12586
2022-07-09,Kerala,3963,15090
2022-08-08,Maharashtra,3557,17847
2022-08-08,Uttar Pradesh,8847,18631
2022-08-08,Karnataka,5398,15213
2022-08-08,Tamil Nadu,9388,16634
2022-08-08,West Bengal,3143,13440
2022-08-08,Gujarat,8993,10614
2022-08-08,Rajasthan,3773,19137
2022-08-08,Bihar,5704,6936
2022-08-08,Madhya Pradesh,9411,6252
2022-08-08,Kerala,7730,10403
2022-09-07,Maharashtra,9584,12408
2022-09-07,Uttar Pradesh,6920,8502
2022-09-07,Karnataka,9477,5417
2022-09-07,Tamil Nadu,9711,8115
2022-09-07,West Bengal,7378,10317
2022-09-07,Gujarat,8083,16440
2022-09-07,Rajasthan,8251,8608
2022-09-07,Bihar,6206,11537
2022-09-07,Madhya Pradesh,5327,7802
2022-09-07,Kerala,3357,11556
2022-10-07,Maharashtra,3539,15364
2022-10-07,Uttar Pradesh,5827,6198
2022-10-07,Karnataka,7014,17383
2022-10-07,Tamil Nadu,8830,15884
2022-10-07,West Bengal,5956,15316
2022-10-07,Gujarat,5805,15492
2022-10-07,Rajasthan,5921,18492
2022-10-07,Bihar,7421,5318
2022-10-07,Madhya Pradesh,7203,12418
2022-10-07,Kerala,4459,18574
2022-11-06,Maharashtra,7997,10467
2022-11-06,Uttar Pradesh,7105,14736
2022-11-06,Karnataka,8010,14325
2022-11-06,Tamil Nadu,7487,8524
2022-11-06,West Bengal,8698,18158
2022-11-06,Gujarat,8938,7596
2022-11-06,Rajasthan,3970,6975
2022-11-06,Bihar,6904,5267
2022-11-06,Madhya Pradesh,8510,11000
2022-11-06,Kerala,9169,14741
2022-12-06,Maharashtra,7092,17604
2022-12-06,Uttar Pradesh,4923,7788
2022-12-06,Karnataka,7431,9085
2022-12-06,Tamil Nadu,5541,16431
2022-12-06,West Bengal,5544,8213
2022-12-06,Gujarat,6362,9921
2022-12-06,Rajasthan,4032,17709
2022-12-06,Bihar,5011,12575
2022-12-06,Madhya Pradesh,7320,8820
2022-12-06,Kerala,3856,19640
2023-01-05,Maharashtra,8774,18080
2023-01-05,Uttar Pradesh,9244,6607
2023-01-05,Karnataka,5336,19785
2023-01-05,Tamil Nadu,7243,16981
2023-01-05,West Bengal,9178,10740
2023-01-05,Gujarat,8987,7194
2023-01-05,Rajasthan,8785,14783
2023-01-05,Bihar,5670,13256
2023-01-05,Madhya Pradesh,6568,18583
2023-01-05,Kerala,9142,16684
2023-02-04,Maharashtra,6417,16036
2023-02-04,Uttar Pradesh,6238,7554
2023-02-04,Karnataka,6930,18524
2023-02-04,Tamil Nadu,9895,15784
2023-02-04,West Bengal,6924,11890
2023-02-04,Gujarat,8238,18492
2023-02-04,Rajasthan,5570,18157
2023-02-04,Bihar,5498,16892
2023-02-04,Madhya Pradesh,9473,6269
2023-02-04,Kerala,3341,17505
2023-03-06,Maharashtra,7988,14618
2023-03-06,Uttar Pradesh,9726,7265
2023-03-06,Karnataka,7238,19692
2023-03-06,Tamil Nadu,4117,6776
2023-03-06,West Bengal,3435,5779
2023-03-06,Gujarat,9350,5955
2023-03-06,Rajasthan,3353,5407
2023-03-06,Bihar,5945,18448
2023-03-06,Madhya Pradesh,5189,11747
2023-03-06,Kerala,5597,12222
2023-04-05,Maharashtra,6245,12371
2023-04-05,Uttar Pradesh,8907,15042
2023-04-05,Karnataka,7961,19144
2023-04-05,Tamil Nadu,3240,9463
2023-04-05,West Bengal,6257,13733
2023-04-05,Gujarat,7124,18225
2023-04-05,Rajasthan,4688,11532
2023-04-05,Bihar,7297,12561
2023-04-05,Madhya Pradesh,7400,11931
2023-04-05,Kerala,6398,10309
2023-05-05,Maharashtra,8906,12934
2023-05-05,Uttar Pradesh,5293,14146
2023-05-05,Karnataka,4001,10789
2023-05-05,Tamil Nadu,9686,12413
2023-05-05,West Bengal,9015,5507
2023-05-05,Gujarat,7685,12060
2023-05-05,Rajasthan,7429,5891
2023-05-05,Bihar,5429,14308
2023-05-05,Madhya Pradesh,5380,10871
2023-05-05,Kerala,8327,16838
2023-06-04,Maharashtra,6132,16963
2023-06-04,Uttar Pradesh,9908,9246
2023-06-04,Karnataka,6021,12745
2023-06-04,Tamil Nadu,6233,7671
2023-06-04,West Bengal,9882,6645
2023-06-04,Gujarat,9716,16074
2023-06-04,Rajasthan,5315,18527
2023-06-04,Bihar,4824,16793
2023-06-04,Madhya Pradesh,7617,17485
2023-06-04,Kerala,6446,13370
2023-07-04,Maharashtra,8054,15174
2023-07-04,Uttar Pradesh,8524,9476
2023-07-04,Karnataka,4176,5016
2023-07-04,Tamil Nadu,6504,7111
2023-07-04,West Bengal,8239,6357
2023-07-04,Gujarat,8335,10168
2023-07-04,Rajasthan,7414,16087
2023-07-04,Bihar,5826,19640
2023-07-04,Madhya Pradesh,4324,8261
2023-07-04,Kerala,6847,12647
2023-08-03,Maharashtra,3215,17180
2023-08-03,Uttar Pradesh,9631,9533
2023-08-03,Karnataka,9840,12960
2023-08-03,Tamil Nadu,5460,14076
2023-08-03,West Bengal,5510,19513
2023-08-03,Gujarat,6983,6422
2023-08-03,Rajasthan,4118,7802
2023-08-03,Bihar,3778,7685
2023-08-03,Madhya Pradesh,5844,19099
2023-08-03,Kerala,7390,19695
2023-09-02,Maharashtra,9371,14656
2023-09-02,Uttar Pradesh,9961,16772
2023-09-02,Karnataka,9126,6180
2023-09-02,Tamil Nadu,5262,10675
2023-09-02,West Bengal,6294,19603
2023-09-02,Gujarat,7070,16010
2023-09-02,Rajasthan,5174,9915
2023-09-02,Bihar,3289,14938
2023-09-02,Madhya Pradesh,9784,5798
2023-09-02,Kerala,3875,16692
2023-10-02,Maharashtra,3190,16286
2023-10-02,Uttar Pradesh,7908,13682
2023-10-02,Karnataka,6899,16202
2023-10-02,Tamil Nadu,6405,10735
2023-10-02,West Bengal,9196,8628
2023-10-02,Gujarat,6876,14646
2023-10-02,Rajasthan,7239,17303
2023-10-02,Bihar,8440,11547
2023-10-02,Madhya Pradesh,9057,16428
2023-10-02,Kerala,3967,18173
2023-11-01,Maharashtra,7561,18310
2023-11-01,Uttar Pradesh,8137,13954
2023-11-01,Karnataka,8298,19511
2023-11-01,Tamil Nadu,8214,8901
2023-11-01,West Bengal,5492,10073
2023-11-01,Gujarat,3836,9926
2023-11-01,Rajasthan,4283,18892
2023-11-01,Bihar,7985,12855
2023-11-01,Madhya Pradesh,3215,6832
2023-11-01,Kerala,8350,12230
2023-12-01,Maharashtra,8050,18875
2023-12-01,Uttar Pradesh,9047,18755
2023-12-01,Karnataka,4254,15290
2023-12-01,Tamil Nadu,4491,10067
2023-12-01,West Bengal,6924,6905
2023-12-01,Gujarat,4259,17918
2023-12-01,Rajasthan,5171,19136
2023-12-01,Bihar,3884,18719
2023-12-01,Madhya Pradesh,8566,16052
2023-12-01,Kerala,6980,16841
2023-12-31,Maharashtra,4777,9598
2023-12-31,Uttar Pradesh,9559,8950
2023-12-31,Karnataka,3302,8866
2023-12-31,Tamil Nadu,9884,6524
2023-12-31,West Bengal,6544,16481
2023-12-31,Gujarat,8799,7096
2023-12-31,Rajasthan,4512,19843
2023-12-31,Bihar,5317,12281
2023-12-31,Madhya Pradesh,9786,6564
2023-12-31,Kerala,3427,6624
2024-01-30,Maharashtra,9018,18719
2024-01-30,Uttar Pradesh,6688,16345
2024-01-30,Karnataka,6082,12445
2024-01-30,Tamil Nadu,6060,17872
2024-01-30,West Bengal,3300,5737
2024-01-30,Gujarat,8281,6838
2024-01-30,Rajasthan,4845,5505
2024-01-30,Bihar,3397,7874
2024-01-30,Madhya Pradesh,6941,7301
2024-01-30,Kerala,8526,14442
2024-02-29,Maharashtra,3756,17545
2024-02-29,Uttar Pradesh,5851,19367
2024-02-29,Karnataka,8323,5780
2024-02-29,Tamil Nadu,3560,13016
2024-02-29,West Bengal,8539,11794
2024-02-29,Gujarat,9245,15953
2024-02-29,Rajasthan,8382,13238
2024-02-29,Bihar,3153,19435
2024-02-29,Madhya Pradesh,4504,11295
2024-02-29,Kerala,3078,18159
2024-03-30,Maharashtra,5660,18244
2024-03-30,Uttar Pradesh,3949,18736
2024-03-30,Karnataka,9761,11921
2024-03-30,Tamil Nadu,9271,13457
2024-03-30,West Bengal,8223,19709
2024-03-30,Gujarat,3788,5508
2024-03-30,Rajasthan,7728,8795
2024-03-30,Bihar,9866,12010
2024-03-30,Madhya Pradesh,6098,18433
2024-03-30,Kerala,8122,16090
2024-04-29,Maharashtra,7962,16651
2024-04-29,Uttar Pradesh,6023,17701
2024-04-29,Karnataka,8509,12524
2024-04-29,Tamil Nadu,6105,17313
2024-04-29,West Bengal,4895,10216
2024-04-29,Gujarat,5181,17964
2024-04-29,Rajasthan,4215,18376
2024-04-29,Bihar,6669,5454
2024-04-29,Madhya Pradesh,8052,16782
2024-04-29,Kerala,4162,16107
2024-05-29,Maharashtra,6888,17204
2024-05-29,Uttar Pradesh,5344,7476
2024-05-29,Karnataka,8267,11765
2024-05-29,Tamil Nadu,8041,13049
2024-05-29,West Bengal,3894,5641
2024-05-29,Gujarat,6710,14913
2024-05-29,Rajasthan,3279,8751
2024-05-29,Bihar,9113,16076
2024-05-29,Madhya Pradesh,8226,15606
2024-05-29,Kerala,6354,7182
2024-06-28,Maharashtra,6451,7146
2024-06-28,Uttar Pradesh,4051,18910
2024-06-28,Karnataka,4200,5746
2024-06-28,Tamil Nadu,7737,13342
2024-06-28,West Bengal,8129,8246
2024-06-28,Gujarat,7801,16917
2024-06-28,Rajasthan,7776,6693
2024-06-28,Bihar,9733,6049
2024-06-28,Madhya Pradesh,6016,10526
2024-06-28,Kerala,8442,13581
2024-07-28,Maharashtra,9675,11954
2024-07-28,Uttar Pradesh,6431,14765
2024-07-28,Karnataka,6067,16688
2024-07-28,Tamil Nadu,4300,10486
2024-07-28,West Bengal,4131,17664
2024-07-28,Gujarat,7708,7944
2024-07-28,Rajasthan,8971,13264
2024-07-28,Bihar,6984,10276
2024-07-28,Madhya Pradesh,8336,10666
2024-07-28,Kerala,6537,9249
2024-08-27,Maharashtra,7889,8331
2024-08-27,Uttar Pradesh,4164,13012
2024-08-27,Karnataka,3031,14349
2024-08-27,Tamil Nadu,4540,18216
2024-08-27,West Bengal,3348,10140
2024-08-27,Gujarat,8127,13067
2024-08-27,Rajasthan,5412,7355
2024-08-27,Bihar,3404,17516
2024-08-27,Madhya Pradesh,3837,13676
2024-08-27,Kerala,3686,18710
2024-09-26,Maharashtra,9374,11044
2024-09-26,Uttar Pradesh,8350,16440
2024-09-26,Karnataka,5513,17151
2024-09-26,Tamil Nadu,6544,15567
2024-09-26,West Bengal,7149,7347
2024-09-26,Gujarat,6898,9855
2024-09-26,Rajasthan,9846,13917
2024-09-26,Bihar,5500,5425
2024-09-26,Madhya Pradesh,8313,8097
2024-09-26,Kerala,5023,18019
2024-10-26,Maharashtra,6997,16875
2024-10-26,Uttar Pradesh,8902,16315
2024-10-26,Karnataka,3491,12658
2024-10-26,Tamil Nadu,6383,8862
2024-10-26,West Bengal,7442,17003
2024-10-26,Gujarat,8819,19510
2024-10-26,Rajasthan,3763,10002
2024-10-26,Bihar,7217,19894
2024-10-26,Madhya Pradesh,9965,6008
2024-10-26,Kerala,7746,12606
2024-11-25,Maharashtra,7996,8304
2024-11-25,Uttar Pradesh,4079,16608
2024-11-25,Karnataka,8958,19130
2024-11-25,Tamil Nadu,4143,12651
2024-11-25,West Bengal,8797,10198
2024-11-25,Gujarat,9331,7587
2024-11-25,Rajasthan,8977,15223
2024-11-25,Bihar,5385,19860
2024-11-25,Madhya Pradesh,3458,17467
2024-11-25,Kerala,8251,13258
2024-12-25,Maharashtra,4941,15396
2024-12-25,Uttar Pradesh,8555,15743
2024-12-25,Karnataka,9978,16134
2024-12-25,Tamil Nadu,8363,18984
2024-12-25,West Bengal,7942,8378
2024-12-25,Gujarat,4559,10328
2024-12-25,Rajasthan,4872,16045
2024-12-25,Bihar,6890,8215
2024-12-25,Madhya Pradesh,8277,8098
2024-12-25,Kerala,9541,12970
2025-01-24,Maharashtra,3287,11457
2025-01-24,Uttar Pradesh,5527,8131
2025-01-24,Karnataka,5833,12346
2025-01-24,Tamil Nadu,7377,18836
2025-01-24,West Bengal,4644,16981
2025-01-24,Gujarat,8831,15063
2025-01-24,Rajasthan,5193,18475
2025-01-24,Bihar,6982,9719
2025-01-24,Madhya Pradesh,6233,16224
2025-01-24,Kerala,9875,15346
2025-02-23,Maharashtra,5616,11843
2025-02-23,Uttar Pradesh,4866,9187
2025-02-23,Karnataka,3001,16268
2025-02-23,Tamil Nadu,9645,13366
2025-02-23,West Bengal,6585,12234
2025-02-23,Gujarat,9007,12429
2025-02-23,Rajasthan,6604,11814
2025-02-23,Bihar,3784,6734
2025-02-23,Madhya Pradesh,7619,10789
2025-02-23,Kerala,7179,18112
2025-03-25,Maharashtra,3418,11956
2025-03-25,Uttar Pradesh,6669,16025
2025-03-25,Karnataka,5762,9821
2025-03-25,Tamil Nadu,8558,18219
2025-03-25,West Bengal,8254,7865
2025-03-25,Gujarat,9754,12482
2025-03-25,Rajasthan,3831,7700
2025-03-25,Bihar,6101,5145
2025-03-25,Madhya Pradesh,7863,9228
2025-03-25,Kerala,9005,8367
2025-04-24,Maharashtra,6486,13752
2025-04-24,Uttar Pradesh,4190,13554
2025-04-24,Karnataka,5868,18780
2025-04-24,Tamil Nadu,8580,11396
2025-04-24,West Bengal,4108,5510
2025-04-24,Gujarat,5514,15834
2025-04-24,Rajasthan,7428,10243
2025-04-24,Bihar,6691,15648
2025-04-24,Madhya Pradesh,3950,13313
2025-04-24,Kerala,5014,6853
2025-05-24,Maharashtra,7561,11716
2025-05-24,Uttar Pradesh,8889,6653
2025-05-24,Karnataka,9548,16689
2025-05-24,Tamil Nadu,7068,9092
2025-05-24,West Bengal,5817,13794
2025-05-24,Gujarat,9854,5524
2025-05-24,Rajasthan,4964,14302
2025-05-24,Bihar,5739,12707
2025-05-24,Madhya Pradesh,3357,12046
2025-05-24,Kerala,5453,17955
2025-06-23,Maharashtra,7364,19656
2025-06-23,Uttar Pradesh,9713,5655
2025-06-23,Karnataka,3124,11783
2025-06-23,Tamil Nadu,6893,11082
2025-06-23,West Bengal,5580,9741
2025-06-23,Gujarat,9638,7538
2025-06-23,Rajasthan,3383,12018
2025-06-23,Bihar,9818,15152
2025-06-23,Madhya Pradesh,4721,16221
2025-06-23,Kerala,5345,12127
2025-07-23,Maharashtra,5745,13232
2025-07-23,Uttar Pradesh,3415,11840
2025-07-23,Karnataka,4620,6275
2025-07-23,Tamil Nadu,8252,8852
2025-07-23,West Bengal,5175,13678
2025-07-23,Gujarat,3626,16072
2025-07-23,Rajasthan,3899,18960
2025-07-23,Bihar,6582,9271
2025-07-23,Madhya Pradesh,4471,6459
2025-07-23,Kerala,6191,5911
2025-08-22,Maharashtra,7034,16299
2025-08-22,Uttar Pradesh,7033,15378
2025-08-22,Karnataka,9333,7209
2025-08-22,Tamil Nadu,7100,10052
2025-08-22,West Bengal,5795,17261
2025-08-22,Gujarat,5357,18972
2025-08-22,Rajasthan,4604,14613
2025-08-22,Bihar,3323,9831
2025-08-22,Madhya Pradesh,6601,7762
2025-08-22,Kerala,3377,17313
2025-09-21,Maharashtra,8313,9513
2025-09-21,Uttar Pradesh,4049,7047
2025-09-21,Karnataka,3433,8708
2025-09-21,Tamil Nadu,6645,18720
2025-09-21,West Bengal,6333,16673
2025-09-21,Gujarat,4518,12061
2025-09-21,Rajasthan,4314,5718
2025-09-21,Bihar,4316,6795
2025-09-21,Madhya Pradesh,8561,8693
2025-09-21,Kerala,4056,19765
2025-10-21,Maharashtra,7596,16945
2025-10-21,Uttar Pradesh,4822,6711
2025-10-21,Karnataka,9834,11902
2025-10-21,Tamil Nadu,7698,19533
2025-10-21,West Bengal,7647,9600
2025-10-21,Gujarat,3231,13898
2025-10-21,Rajasthan,4990,7827
2025-10-21,Bihar,3866,17747
2025-10-21,Madhya Pradesh,9556,7579
2025-10-21,Kerala,6863,14017
2025-11-20,Maharashtra,7552,10602
2025-11-20,Uttar Pradesh,5744,9469
2025-11-20,Karnataka,8090,10238
2025-11-20,Tamil Nadu,5089,15130
2025-11-20,West Bengal,8306,8763
2025-11-20,Gujarat,6926,19359
2025-11-20,Rajasthan,3674,8167
2025-11-20,Bihar,7428,14156
2025-11-20,Madhya Pradesh,6048,6845
2025-11-20,Kerala,7563,11376
